id,plates,genotype
1-Apr,11,mm
2-Apr,63,Mm
4-Apr,22,Mm
5-Apr,10,Mm
10-Apr,14,mm
12-Apr,11,mm
14-Apr,58,Mm
23-Apr,36,Mm
Apr-31,31,Mm
Apr-38,61,Mm
Apr-39,63,Mm
Apr-40,8,mm
Apr-42,12,mm
Apr-43,11,mm
Apr-44,64,Mm
Apr-46,64,Mm
Apr-47,12,mm
Apr-48,55,Mm
Apr-49,21,Mm
Apr-52,64,MM
Apr-54,47,Mm
Apr-56,57,Mm
Apr-57,11,mm
Apr-58,58,Mm
Apr-69,65,MM
Apr-70,63,Mm
Apr-71,9,mm
Apr-72,62,MM
Apr-76,29,Mm
Apr-78,10,Mm
Apr-79,63,MM
Apr-80,9,mm
Apr-81,61,Mm
Apr-82,39,Mm
Apr-84,9,mm
Apr-89,50,Mm
Apr-90,10,mm
Apr-95,60,MM
Apr-96,60,Mm
Apr-97,9,mm
Apr-98,63,Mm
Apr-99,64,MM
4-100,11,mm
4-101,60,Mm
4-103,66,Mm
4-110,63,MM
4-112,63,Mm
4-113,14,mm
4-119,14,mm
4-122,59,Mm
4-123,30,Mm
4-127,64,MM
4-132,14,mm
4-135,14,mm
4-139,13,mm
4-141,62,Mm
4-142,64,MM
4-145,65,MM
4-147,34,Mm
4-155,64,MM
4-158,64,MM
4-160,62,Mm
4-161,63,MM
4-162,30,Mm
4-164,13,mm
4-168,10,mm
4-170,49,MM
4-171,62,Mm
4-172,43,Mm
4-173,66,MM
4-175,61,MM
4-177,26,Mm
4-178,63,MM
4-180,59,Mm
4-183,66,MM
4-186,65,MM
4-190,62,Mm
4-192,63,Mm
4-195,56,Mm
4-196,13,mm
4-198,62,Mm
4-208,28,Mm
4-209,61,Mm
4-211,56,Mm
6-Apr,62,MM
7-Apr,62,Mm
8-Apr,39,Mm
9-Apr,25,Mm
11-Apr,34,Mm
13-Apr,64,MM
15-Apr,11,mm
16-Apr,63,Mm
17-Apr,64,Mm
18-Apr,14,mm
19-Apr,60,MM
20-Apr,61,Mm
21-Apr,14,mm
22-Apr,62,MM
24-Apr,8,mm
25-Apr,37,mm
27-Apr,61,Mm
28-Apr,13,mm
29-Apr,10,mm
30-Apr,62,Mm
Apr-32,64,MM
Apr-33,63,Mm
Apr-34,12,mm
Apr-35,8,mm
Apr-36,58,Mm
Apr-37,51,Mm
Apr-41,64,MM
Apr-45,65,MM
Apr-50,62,Mm
Apr-51,12,mm
Apr-53,61,Mm
Apr-55,64,MM
Apr-59,66,MM
Apr-60,53,Mm
Apr-61,10,mm
Apr-62,32,Mm
Apr-63,24,Mm
Apr-64,62,MM
Apr-65,14,mm
Apr-66,61,MM
Apr-67,8,mm
Apr-68,10,mm
Apr-73,63,Mm
Apr-75,62,Mm
Apr-77,52,Mm
Apr-83,13,mm
Apr-85,32,Mm
Apr-87,22,mm
Apr-88,60,Mm
Apr-91,9,mm
Apr-92,62,Mm
Apr-93,65,MM
4-105,61,Mm
4-106,52,Mm
4-107,53,Mm
4-108,51,Mm
4-109,63,MM
4-111,61,Mm
4-114,63,MM
4-115,56,Mm
4-116,57,Mm
4-117,54,Mm
4-118,12,mm
4-120,63,MM
4-121,47,Mm
4-124,65,MM
4-125,62,MM
4-126,63,MM
4-129,48,Mm
4-130,59,Mm
4-131,8,mm
4-134,12,mm
4-136,62,Mm
4-137,61,MM
4-138,64,MM
4-143,61,Mm
4-146,31,Mm
4-149,11,mm
4-150,24,Mm
4-151,26,Mm
4-152,14,mm
4-153,64,Mm
4-154,12,mm
4-157,25,Mm
4-159,49,Mm
4-163,61,MM
4-165,60,Mm
4-166,65,MM
4-167,61,Mm
4-169,64,MM
4-174,63,MM
4-176,62,Mm
4-179,8,mm
4-181,65,MM
4-182,12,mm
4-184,22,Mm
4-185,48,Mm
4-187,68,Mm
4-189,42,Mm
4-191,63,Mm
4-193,62,Mm
4-197,27,Mm
4-199,10,mm
4-200,61,Mm
4-201,63,MM
4-203,29,Mm
4-204,62,Mm
4-205,64,MM
4-206,9,mm
4-207,42,MM
4-210,35,Mm
4-212,10,mm
4-215,62,Mm
4-216,61,Mm
4-218,62,Mm
4-219,51,Mm
4-220,59,Mm
4-221,45,Mm
4-222,62,Mm
4-223,60,Mm
4-224,63,Mm
4-226,60,Mm
4-227,62,MM
4-228,64,MM
4-229,29,Mm
4-230,63,Mm
4-231,14,mm
4-232,21,Mm
4-233,10,mm
4-234,8,mm
4-235,64,Mm
4-236,63,MM
4-238,60,Mm
4-239,51,Mm
4-240,58,Mm
4-241,45,Mm
4-242,14,mm
4-244,10,mm
4-245,39,Mm
4-246,49,Mm
4-247,13,Mm
4-248,14,mm
4-250,65,MM
4-251,63,MM
4-252,69,MM
4-253,61,Mm
4-254,62,Mm
4-255,12,mm
4-256,62,MM
4-257,63,MM
4-258,62,MM
4-259,63,MM
4-260,54,Mm
4-261,60,Mm
4-262,64,MM
4-264,41,Mm
4-265,62,MM
4-266,11,mm
4-267,12,mm
4-268,61,Mm
4-269,61,Mm
4-270,64,Mm
4-271,67,MM
4-272,12,mm
4-273,14,mm
4-274,66,MM
4-275,12,mm
4-276,54,Mm
4-277,60,MM
4-278,64,Mm
4-279,40,Mm
4-280,12,mm
4-281,9,mm
4-282,59,Mm
4-284,45,Mm
4-285,66,MM
4-287,11,mm
4-288,34,Mm
4-289,62,Mm
4-290,14,mm
4-291,52,Mm
4-292,17,Mm
4-293,64,Mm
4-294,51,Mm
4-295,9,mm
4-296,56,MM
4-297,57,Mm
4-298,9,mm
4-299,62,Mm
4-300,62,MM
4-301,60,Mm
4-302,11,mm
4-303,61,Mm
4-304,24,Mm
4-305,62,MM
4-306,12,mm
4-307,10,mm
4-308,60,Mm
4-309,64,MM
4-311,62,Mm
4-312,53,Mm
4-313,10,mm
4-314,65,MM
4-315,11,mm
4-316,64,Mm
4-317,37,Mm
4-318,54,Mm
4-320,62,MM
4-321,11,mm
4-322,65,MM
4-323,62,Mm
4-324,60,Mm
4-325,14,mm
4-326,62,MM
4-327,62,MM
4-328,13,mm
4-329,63,MM
4-330,64,MM
4-331,64,MM
4-332,24,Mm
4-333,23,Mm
4-334,63,MM
4-335,11,mm
4-336,9,mm
4-337,64,MM
4-338,62,MM
4-339,12,mm
4-340,41,Mm
4-341,61,Mm
4-342,59,Mm
4-343,59,Mm
4-344,57,MM
4-345,14,mm
4-346,12,Mm
4-347,20,Mm
4-348,42,Mm
4-349,10,Mm
4-350,62,MM
4-351,47,Mm
4-352,11,mm
4-353,64,Mm
4-354,64,Mm
4-355,42,Mm
4-356,61,Mm
4-357,26,Mm
4-358,27,Mm
4-359,12,mm
4-360,61,MM
4-361,11,mm
4-362,6,mm
4-363,64,Mm
4-364,62,Mm
4-365,61,Mm
4-366,14,mm
4-367,60,Mm
4-368,8,mm
4-369,62,MM
4-371,14,mm
4-372,60,Mm
4-373,11,mm